Date, Session Winnings, Session Losses
Tue Dec 31 04:00:00 EST 2024,,0.00
Wed Jan 01 04:00:00 EST 2025,1.20,,
Thu Jan 02 04:00:00 EST 2025,0.24,,
Fri Jan 03 04:00:00 EST 2025,,-0.05
Sat Jan 04 04:00:00 EST 2025,3.02,,
Sun Jan 05 04:00:00 EST 2025,,-2.75
Mon Jan 06 04:00:00 EST 2025,,-1.25
Tue Jan 07 04:00:00 EST 2025,,-3.98
Wed Jan 08 04:00:00 EST 2025,,-0.17
Thu Jan 09 04:00:00 EST 2025,,0.00
Fri Jan 10 04:00:00 EST 2025,,0.00
Sat Jan 11 04:00:00 EST 2025,,0.00
Sun Jan 12 04:00:00 EST 2025,,-0.50
Mon Jan 13 04:00:00 EST 2025,5.43,,
Tue Jan 14 04:00:00 EST 2025,,-1.82
Wed Jan 15 04:00:00 EST 2025,1.01,,
Thu Jan 16 04:00:00 EST 2025,1.35,,
Fri Jan 17 04:00:00 EST 2025,0.64,,
Sat Jan 18 04:00:00 EST 2025,,0.00
Sun Jan 19 04:00:00 EST 2025,,0.00
Mon Jan 20 04:00:00 EST 2025,9.21,,
Tue Jan 21 04:00:00 EST 2025,,-3.32
Wed Jan 22 04:00:00 EST 2025,,-2.84
Thu Jan 23 04:00:00 EST 2025,,-1.00
Fri Jan 24 04:00:00 EST 2025,,-1.00
Sat Jan 25 04:00:00 EST 2025,,-1.50
Sun Jan 26 04:00:00 EST 2025,1.51,,
Mon Jan 27 04:00:00 EST 2025,7.15,,
Tue Jan 28 04:00:00 EST 2025,1.31,,
Wed Jan 29 04:00:00 EST 2025,,-0.64
Thu Jan 30 04:00:00 EST 2025,0.74,,
Fri Jan 31 04:00:00 EST 2025,,-0.76
Sat Feb 01 04:00:00 EST 2025,7.87,,
Sun Feb 02 04:00:00 EST 2025,2.97,,
Mon Feb 03 04:00:00 EST 2025,2.57,,
Tue Feb 04 04:00:00 EST 2025,,-0.94
Wed Feb 05 04:00:00 EST 2025,0.59,,
Thu Feb 06 04:00:00 EST 2025,,-2.37
Fri Feb 07 04:00:00 EST 2025,6.14,,
Sat Feb 08 04:00:00 EST 2025,2.74,,
Sun Feb 09 04:00:00 EST 2025,,-1.69
Mon Feb 10 04:00:00 EST 2025,22.65,,
Tue Feb 11 04:00:00 EST 2025,2.62,,
Wed Feb 12 04:00:00 EST 2025,,-12.24
Thu Feb 13 04:00:00 EST 2025,,-3.98
Fri Feb 14 04:00:00 EST 2025,,-74.11
Sat Feb 15 04:00:00 EST 2025,33.62,,
Sun Feb 16 04:00:00 EST 2025,83.51,,
Mon Feb 17 04:00:00 EST 2025,8.17,,
Tue Feb 18 04:00:00 EST 2025,,-2.03
Wed Feb 19 04:00:00 EST 2025,,-6.73
Thu Feb 20 04:00:00 EST 2025,,-2.63
Fri Feb 21 04:00:00 EST 2025,9.93,,
Sat Feb 22 04:00:00 EST 2025,,-2.57
Sun Feb 23 04:00:00 EST 2025,5.65,,
Mon Feb 24 04:00:00 EST 2025,,-4.64
Tue Feb 25 04:00:00 EST 2025,,-6.35
Wed Feb 26 04:00:00 EST 2025,7.45,,
Thu Feb 27 04:00:00 EST 2025,1.45,,
Fri Feb 28 04:00:00 EST 2025,,-1.53
Sat Mar 01 04:00:00 EST 2025,,-10.65
Sun Mar 02 04:00:00 EST 2025,,-3.43
Mon Mar 03 04:00:00 EST 2025,,-7.31
Tue Mar 04 04:00:00 EST 2025,0.23,,
Wed Mar 05 04:00:00 EST 2025,10.42,,
Thu Mar 06 04:00:00 EST 2025,3.59,,
Fri Mar 07 04:00:00 EST 2025,,-3.14
Sat Mar 08 04:00:00 EST 2025,14.30,,
Sun Mar 09 04:00:00 EDT 2025,,-6.80
Mon Mar 10 04:00:00 EDT 2025,34.24,,
Tue Mar 11 04:00:00 EDT 2025,8.77,,
Wed Mar 12 04:00:00 EDT 2025,5.69,,
Thu Mar 13 04:00:00 EDT 2025,,-8.13
Fri Mar 14 04:00:00 EDT 2025,16.07,,
Sat Mar 15 04:00:00 EDT 2025,7.18,,
Sun Mar 16 04:00:00 EDT 2025,4.70,,
Mon Mar 17 04:00:00 EDT 2025,,-9.60
Tue Mar 18 04:00:00 EDT 2025,,-24.63
Wed Mar 19 04:00:00 EDT 2025,13.48,,
Thu Mar 20 04:00:00 EDT 2025,3.96,,
Fri Mar 21 04:00:00 EDT 2025,,0.00
Sat Mar 22 04:00:00 EDT 2025,,0.00
Sun Mar 23 04:00:00 EDT 2025,,0.00
Mon Mar 24 04:00:00 EDT 2025,,0.00
Tue Mar 25 04:00:00 EDT 2025,,0.00
Wed Mar 26 04:00:00 EDT 2025,,0.00
Thu Mar 27 04:00:00 EDT 2025,,0.00
Fri Mar 28 04:00:00 EDT 2025,11.48,,
Sat Mar 29 04:00:00 EDT 2025,,-5.85
Sun Mar 30 04:00:00 EDT 2025,11.09,,
Mon Mar 31 04:00:00 EDT 2025,1.37,,
Tue Apr 01 04:00:00 EDT 2025,,-1.41
Wed Apr 02 04:00:00 EDT 2025,1.35,,
Thu Apr 03 04:00:00 EDT 2025,10.93,,
Fri Apr 04 04:00:00 EDT 2025,,-15.03
Sat Apr 05 04:00:00 EDT 2025,30.19,,
Sun Apr 06 04:00:00 EDT 2025,,0.00
Mon Apr 07 04:00:00 EDT 2025,,0.00
Tue Apr 08 04:00:00 EDT 2025,,0.00
Wed Apr 09 04:00:00 EDT 2025,,0.00
Thu Apr 10 04:00:00 EDT 2025,,0.00
Fri Apr 11 04:00:00 EDT 2025,,0.00
Sat Apr 12 04:00:00 EDT 2025,,0.00
Sun Apr 13 04:00:00 EDT 2025,1.69,,
Mon Apr 14 04:00:00 EDT 2025,5.17,,
Tue Apr 15 04:00:00 EDT 2025,,-0.71
Wed Apr 16 04:00:00 EDT 2025,,-11.02
Thu Apr 17 04:00:00 EDT 2025,12.54,,
Fri Apr 18 04:00:00 EDT 2025,12.05,,
Sat Apr 19 04:00:00 EDT 2025,0.43,,
Sun Apr 20 04:00:00 EDT 2025,,-2.09
Mon Apr 21 04:00:00 EDT 2025,1.35,,
Tue Apr 22 04:00:00 EDT 2025,,-3.49
Wed Apr 23 04:00:00 EDT 2025,,-3.36
Thu Apr 24 04:00:00 EDT 2025,,-7.56
Fri Apr 25 04:00:00 EDT 2025,,-30.38
Sat Apr 26 04:00:00 EDT 2025,,-2.26
Sun Apr 27 04:00:00 EDT 2025,3.67,,
Mon Apr 28 04:00:00 EDT 2025,1.45,,
Tue Apr 29 04:00:00 EDT 2025,,-6.17
Wed Apr 30 04:00:00 EDT 2025,,-7.77
Thu May 01 04:00:00 EDT 2025,7.90,,
Fri May 02 04:00:00 EDT 2025,,0.00
Sat May 03 04:00:00 EDT 2025,,0.00
Sun May 04 04:00:00 EDT 2025,0.35,,
Mon May 05 04:00:00 EDT 2025,3.13,,
Tue May 06 04:00:00 EDT 2025,,-4.00
Wed May 07 04:00:00 EDT 2025,0.64,,
Thu May 08 04:00:00 EDT 2025,6.84,,
Fri May 09 04:00:00 EDT 2025,,-0.78
Sat May 10 04:00:00 EDT 2025,,-11.21
Sun May 11 04:00:00 EDT 2025,11.21,,
Mon May 12 04:00:00 EDT 2025,,-21.53
Tue May 13 04:00:00 EDT 2025,,-4.00
Wed May 14 04:00:00 EDT 2025,,-37.00
Thu May 15 04:00:00 EDT 2025,,-5.00
Fri May 16 04:00:00 EDT 2025,2.71,,
Sat May 17 04:00:00 EDT 2025,,-4.08
Sun May 18 04:00:00 EDT 2025,11.80,,
Mon May 19 04:00:00 EDT 2025,,-1.49
Tue May 20 04:00:00 EDT 2025,3.92,,
Wed May 21 04:00:00 EDT 2025,,-12.54
Thu May 22 04:00:00 EDT 2025,22.37,,
Fri May 23 04:00:00 EDT 2025,13.50,,
Sat May 24 04:00:00 EDT 2025,8.85,,
Sun May 25 04:00:00 EDT 2025,2.47,,
Mon May 26 04:00:00 EDT 2025,0.90,,
Tue May 27 04:00:00 EDT 2025,,-3.95
Wed May 28 04:00:00 EDT 2025,,0.00
Thu May 29 04:00:00 EDT 2025,,0.00
Fri May 30 04:00:00 EDT 2025,,0.00
Sat May 31 04:00:00 EDT 2025,,-5.00
Sun Jun 01 04:00:00 EDT 2025,,-3.65
Mon Jun 02 04:00:00 EDT 2025,2.49,,
Tue Jun 03 04:00:00 EDT 2025,,-2.33
Wed Jun 04 04:00:00 EDT 2025,1.87,,
Thu Jun 05 04:00:00 EDT 2025,3.51,,
Fri Jun 06 04:00:00 EDT 2025,16.17,,
Sat Jun 07 04:00:00 EDT 2025,21.83,,
Sun Jun 08 04:00:00 EDT 2025,78.60,,
Mon Jun 09 04:00:00 EDT 2025,3.63,,
Tue Jun 10 04:00:00 EDT 2025,12.29,,
Wed Jun 11 04:00:00 EDT 2025,1.25,,
Thu Jun 12 04:00:00 EDT 2025,20.57,,
Fri Jun 13 04:00:00 EDT 2025,,-2.70
Sat Jun 14 04:00:00 EDT 2025,0.18,,
Sun Jun 15 04:00:00 EDT 2025,,-0.96
Mon Jun 16 04:00:00 EDT 2025,13.43,,
Tue Jun 17 04:00:00 EDT 2025,,-7.21
Wed Jun 18 04:00:00 EDT 2025,,-11.40
Thu Jun 19 04:00:00 EDT 2025,84.52,,
Fri Jun 20 04:00:00 EDT 2025,6.58,,
Sat Jun 21 04:00:00 EDT 2025,1.76,,
Sun Jun 22 04:00:00 EDT 2025,12.09,,
Mon Jun 23 04:00:00 EDT 2025,,-1.97
Tue Jun 24 04:00:00 EDT 2025,,-1.93
Wed Jun 25 04:00:00 EDT 2025,,-3.65
Thu Jun 26 04:00:00 EDT 2025,2.85,,
Fri Jun 27 04:00:00 EDT 2025,,-4.17
Sat Jun 28 04:00:00 EDT 2025,,-3.72
Sun Jun 29 04:00:00 EDT 2025,9.73,,
Mon Jun 30 04:00:00 EDT 2025,,-2.23
Tue Jul 01 04:00:00 EDT 2025,8.39,,
Wed Jul 02 04:00:00 EDT 2025,18.80,,
Thu Jul 03 04:00:00 EDT 2025,12.62,,
Fri Jul 04 04:00:00 EDT 2025,,-96.58
Sat Jul 05 04:00:00 EDT 2025,72.73,,
Sun Jul 06 04:00:00 EDT 2025,13.97,,
Mon Jul 07 04:00:00 EDT 2025,16.09,,
Tue Jul 08 04:00:00 EDT 2025,,-5.49
Wed Jul 09 04:00:00 EDT 2025,25.44,,
Thu Jul 10 04:00:00 EDT 2025,,-4.00
Fri Jul 11 04:00:00 EDT 2025,4.73,,
Sat Jul 12 04:00:00 EDT 2025,5.29,,
Sun Jul 13 04:00:00 EDT 2025,5.99,,
Mon Jul 14 04:00:00 EDT 2025,,-0.19
Tue Jul 15 04:00:00 EDT 2025,4.43,,
Wed Jul 16 04:00:00 EDT 2025,,-210.32
Thu Jul 17 04:00:00 EDT 2025,186.55,,
Fri Jul 18 04:00:00 EDT 2025,,-84.87
Sat Jul 19 04:00:00 EDT 2025,137.10,,
Sun Jul 20 04:00:00 EDT 2025,46.33,,
Mon Jul 21 04:00:00 EDT 2025,6.53,,
Tue Jul 22 04:00:00 EDT 2025,4.68,,
Wed Jul 23 04:00:00 EDT 2025,,-11.17
Thu Jul 24 04:00:00 EDT 2025,1.27,,
Fri Jul 25 04:00:00 EDT 2025,0.53,,
Sat Jul 26 04:00:00 EDT 2025,2.48,,
Sun Jul 27 04:00:00 EDT 2025,1.99,,
Mon Jul 28 04:00:00 EDT 2025,,-0.46
Tue Jul 29 04:00:00 EDT 2025,,-5.40
Wed Jul 30 04:00:00 EDT 2025,23.61,,
Thu Jul 31 04:00:00 EDT 2025,12.96,,
Fri Aug 01 04:00:00 EDT 2025,20.60,,
Sat Aug 02 04:00:00 EDT 2025,,-30.92
Sun Aug 03 04:00:00 EDT 2025,52.67,,
Mon Aug 04 04:00:00 EDT 2025,4.09,,
Tue Aug 05 04:00:00 EDT 2025,,-3.08
Wed Aug 06 04:00:00 EDT 2025,3.63,,
Thu Aug 07 04:00:00 EDT 2025,2.12,,
Fri Aug 08 04:00:00 EDT 2025,1.98,,
Sat Aug 09 04:00:00 EDT 2025,9.75,,
Sun Aug 10 04:00:00 EDT 2025,3.31,,
Mon Aug 11 04:00:00 EDT 2025,1.77,,
Tue Aug 12 04:00:00 EDT 2025,4.48,,
Wed Aug 13 04:00:00 EDT 2025,26.37,,
Thu Aug 14 04:00:00 EDT 2025,,0.00
Fri Aug 15 04:00:00 EDT 2025,11.78,,
Sat Aug 16 04:00:00 EDT 2025,6.25,,
Sun Aug 17 04:00:00 EDT 2025,13.82,,
Mon Aug 18 04:00:00 EDT 2025,,-18.96
Tue Aug 19 04:00:00 EDT 2025,23.27,,
Wed Aug 20 04:00:00 EDT 2025,16.73,,
Thu Aug 21 04:00:00 EDT 2025,12.96,,
Fri Aug 22 04:00:00 EDT 2025,,0.00
Sat Aug 23 04:00:00 EDT 2025,,0.00
Sun Aug 24 04:00:00 EDT 2025,,0.00
Mon Aug 25 04:00:00 EDT 2025,,0.00
Tue Aug 26 04:00:00 EDT 2025,,0.00
Wed Aug 27 04:00:00 EDT 2025,,-47.96
Thu Aug 28 04:00:00 EDT 2025,32.92,,
Fri Aug 29 04:00:00 EDT 2025,,-10.19
Sat Aug 30 04:00:00 EDT 2025,51.64,,
Sun Aug 31 04:00:00 EDT 2025,6.23,,
Mon Sep 01 04:00:00 EDT 2025,6.74,,
Tue Sep 02 04:00:00 EDT 2025,7.11,,
Wed Sep 03 04:00:00 EDT 2025,,-103.65
Thu Sep 04 04:00:00 EDT 2025,39.16,,
Fri Sep 05 04:00:00 EDT 2025,82.81,,
Sat Sep 06 04:00:00 EDT 2025,,-34.39
Sun Sep 07 04:00:00 EDT 2025,290.65,,
Mon Sep 08 04:00:00 EDT 2025,,-20.74
Tue Sep 09 04:00:00 EDT 2025,18.20,,
Wed Sep 10 04:00:00 EDT 2025,,-2.78
Thu Sep 11 04:00:00 EDT 2025,9.18,,
Fri Sep 12 04:00:00 EDT 2025,8.86,,
Sat Sep 13 04:00:00 EDT 2025,27.97,,
Sun Sep 14 04:00:00 EDT 2025,30.35,,
Mon Sep 15 04:00:00 EDT 2025,,-57.13
Tue Sep 16 04:00:00 EDT 2025,20.25,,
Wed Sep 17 04:00:00 EDT 2025,69.67,,
Thu Sep 18 04:00:00 EDT 2025,0.48,,
Fri Sep 19 04:00:00 EDT 2025,4.16,,
Sat Sep 20 04:00:00 EDT 2025,30.99,,
Sun Sep 21 04:00:00 EDT 2025,,-11.22
Mon Sep 22 04:00:00 EDT 2025,,-9.65
Tue Sep 23 04:00:00 EDT 2025,61.15,,
Wed Sep 24 04:00:00 EDT 2025,0.01,,
Thu Sep 25 04:00:00 EDT 2025,45.25,,
Fri Sep 26 04:00:00 EDT 2025,5.35,,
Sat Sep 27 04:00:00 EDT 2025,4.30,,
Sun Sep 28 04:00:00 EDT 2025,,-9.57
Mon Sep 29 04:00:00 EDT 2025,13.78,,
Tue Sep 30 04:00:00 EDT 2025,27.66,,
Wed Oct 01 04:00:00 EDT 2025,11.16,,
Thu Oct 02 04:00:00 EDT 2025,,-0.51
Fri Oct 03 04:00:00 EDT 2025,34.87,,
Sat Oct 04 04:00:00 EDT 2025,50.46,,
Sun Oct 05 04:00:00 EDT 2025,,-3.95
Mon Oct 06 04:00:00 EDT 2025,23.90,,
Tue Oct 07 04:00:00 EDT 2025,2.40,,
Wed Oct 08 04:00:00 EDT 2025,,-72.07
Thu Oct 09 04:00:00 EDT 2025,108.59,,
Fri Oct 10 04:00:00 EDT 2025,2.96,,
Sat Oct 11 04:00:00 EDT 2025,2.56,,
Sun Oct 12 04:00:00 EDT 2025,27.06,,
Mon Oct 13 04:00:00 EDT 2025,12.09,,
Tue Oct 14 04:00:00 EDT 2025,3.14,,
Wed Oct 15 04:00:00 EDT 2025,,-33.70
Thu Oct 16 04:00:00 EDT 2025,81.72,,
Fri Oct 17 04:00:00 EDT 2025,,-19.02
Sat Oct 18 04:00:00 EDT 2025,18.63,,
Sun Oct 19 04:00:00 EDT 2025,24.83,,
Mon Oct 20 04:00:00 EDT 2025,,-69.93
Tue Oct 21 04:00:00 EDT 2025,51.08,,
Wed Oct 22 04:00:00 EDT 2025,109.06,,
Thu Oct 23 04:00:00 EDT 2025,,-61.14
Fri Oct 24 04:00:00 EDT 2025,,-19.56
Sat Oct 25 04:00:00 EDT 2025,151.87,,
Sun Oct 26 04:00:00 EDT 2025,2.39,,
Mon Oct 27 04:00:00 EDT 2025,,-15.61
Tue Oct 28 04:00:00 EDT 2025,3.34,,
Wed Oct 29 04:00:00 EDT 2025,,-8.76
Thu Oct 30 04:00:00 EDT 2025,,-2.58
Fri Oct 31 04:00:00 EDT 2025,,-94.29
Sat Nov 01 04:00:00 EDT 2025,198.21,,
Sun Nov 02 04:00:00 EST 2025,58.39,,
Mon Nov 03 04:00:00 EST 2025,2.94,,
Tue Nov 04 04:00:00 EST 2025,,-47.53
Wed Nov 05 04:00:00 EST 2025,,-14.25
Thu Nov 06 04:00:00 EST 2025,,-40.91
Fri Nov 07 04:00:00 EST 2025,,-81.24
Sat Nov 08 04:00:00 EST 2025,91.44,,
Sun Nov 09 04:00:00 EST 2025,126.94,,
Mon Nov 10 04:00:00 EST 2025,,-4.17
Tue Nov 11 04:00:00 EST 2025,14.15,,
Wed Nov 12 04:00:00 EST 2025,,-47.68
Thu Nov 13 04:00:00 EST 2025,,-46.54
Fri Nov 14 04:00:00 EST 2025,,-59.44
Sat Nov 15 04:00:00 EST 2025,198.30,,
Sun Nov 16 04:00:00 EST 2025,,-5.84
Mon Nov 17 04:00:00 EST 2025,1.22,,
Tue Nov 18 04:00:00 EST 2025,,-110.23
Wed Nov 19 04:00:00 EST 2025,,-20.26
Thu Nov 20 04:00:00 EST 2025,,-3.69
Fri Nov 21 04:00:00 EST 2025,,-196.98
Sat Nov 22 04:00:00 EST 2025,314.79,,
Sun Nov 23 04:00:00 EST 2025,231.84,,
Mon Nov 24 04:00:00 EST 2025,,-6.15
Tue Nov 25 04:00:00 EST 2025,,-7.47
Wed Nov 26 04:00:00 EST 2025,4.00,,
Thu Nov 27 04:00:00 EST 2025,39.41,,
Fri Nov 28 04:00:00 EST 2025,30.88,,
Sat Nov 29 04:00:00 EST 2025,,-0.10
Sun Nov 30 04:00:00 EST 2025,19.84,,
Mon Dec 01 04:00:00 EST 2025,,-29.35
Tue Dec 02 04:00:00 EST 2025,5.22,,
Wed Dec 03 04:00:00 EST 2025,14.30,,
Thu Dec 04 04:00:00 EST 2025,,-215.64
Fri Dec 05 04:00:00 EST 2025,,-53.92
Sat Dec 06 04:00:00 EST 2025,85.47,,
Sun Dec 07 04:00:00 EST 2025,28.10,,
Mon Dec 08 04:00:00 EST 2025,,-23.36
Tue Dec 09 04:00:00 EST 2025,288.35,,
Wed Dec 10 04:00:00 EST 2025,412.02,,
Thu Dec 11 04:00:00 EST 2025,,-61.30
Fri Dec 12 04:00:00 EST 2025,16.77,,
Sat Dec 13 04:00:00 EST 2025,,-48.09
Sun Dec 14 04:00:00 EST 2025,180.12,,
Mon Dec 15 04:00:00 EST 2025,70.34,,
Tue Dec 16 04:00:00 EST 2025,,-80.86
Wed Dec 17 04:00:00 EST 2025,,-36.16
Thu Dec 18 04:00:00 EST 2025,49.99,,
Fri Dec 19 04:00:00 EST 2025,162.13,,
Sat Dec 20 04:00:00 EST 2025,205.95,,
Sun Dec 21 04:00:00 EST 2025,11.77,,
Mon Dec 22 04:00:00 EST 2025,30.01,,
Tue Dec 23 04:00:00 EST 2025,,-108.11
Wed Dec 24 04:00:00 EST 2025,,-22.63
Thu Dec 25 04:00:00 EST 2025,0.65,,
Fri Dec 26 04:00:00 EST 2025,22.36,,
Sat Dec 27 04:00:00 EST 2025,,-77.03
Sun Dec 28 04:00:00 EST 2025,52.15,,
Mon Dec 29 04:00:00 EST 2025,,-2.51
Tue Dec 30 04:00:00 EST 2025,65.77,,
Wed Dec 31 04:00:00 EST 2025,,-127.90
,6326.96,3229.86
